{
  "num_images": 50,
  "weights": "D:\\Base\\CodingSpace\\yolo_defect\\scripts\\..\\runs\\detect\\final_train_2\\weights\\best.pt",
  "onnx_model": "D:\\Base\\CodingSpace\\yolo_defect\\scripts\\..\\models\\best.onnx",
  "imgsz": 800,
  "conf_thresh": 0.25,
  "iou_thresh": 0.45,
  "pt_device": "cpu",
  "same_count_images": 50,
  "same_count_ratio": 1.0,
  "mean_abs_count_diff": 0.0,
  "max_abs_count_diff": 0,
  "pt_total_detections": 146,
  "onnx_total_detections": 146,
  "pt_confidence_summary": {
    "count": 146,
    "mean": 0.4015253782272339,
    "std": 0.11439233273267746,
    "min": 0.25021597743034363,
    "q25": 0.30782393366098404,
    "median": 0.37457090616226196,
    "q75": 0.46523621678352356,
    "max": 0.7702867388725281
  },
  "onnx_confidence_summary": {
    "count": 146,
    "mean": 0.4014935791492462,
    "std": 0.11438452452421188,
    "min": 0.2501288056373596,
    "q25": 0.3076013773679733,
    "median": 0.37440410256385803,
    "q75": 0.46526139974594116,
    "max": 0.7703147530555725
  }
}