{
  "num_images": 50,
  "weights": "D:\\Base\\CodingSpace\\yolo_defect\\scripts\\..\\runs\\detect\\final_train_2\\weights\\best.pt",
  "onnx_model": "D:\\Base\\CodingSpace\\yolo_defect\\scripts\\..\\models\\best.onnx",
  "imgsz": 800,
  "conf_thresh": 0.25,
  "iou_thresh": 0.45,
  "pt_device": "cpu",
  "same_count_images": 49,
  "same_count_ratio": 0.98,
  "mean_abs_count_diff": 0.02,
  "max_abs_count_diff": 1,
  "pt_total_detections": 146,
  "onnx_total_detections": 145,
  "pt_confidence_summary": {
    "count": 146,
    "mean": 0.4015253782272339,
    "std": 0.11439233273267746,
    "min": 0.25021597743034363,
    "q25": 0.30782393366098404,
    "median": 0.37457090616226196,
    "q75": 0.46523621678352356,
    "max": 0.7702867388725281
  },
  "onnx_confidence_summary": {
    "count": 145,
    "mean": 0.4025355279445648,
    "std": 0.11407548934221268,
    "min": 0.25071007013320923,
    "q25": 0.3082333207130432,
    "median": 0.3750097155570984,
    "q75": 0.46516019105911255,
    "max": 0.7704587578773499
  }
}