{
  "num_images": 50,
  "weights": "D:\\Base\\CodingSpace\\yolo_defect\\scripts\\..\\runs\\detect\\final_train_2\\weights\\best.pt",
  "onnx_model": "D:\\Base\\CodingSpace\\yolo_defect\\scripts\\..\\models\\best.onnx",
  "imgsz": 800,
  "conf_thresh": 0.25,
  "iou_thresh": 0.45,
  "pt_device": "cpu",
  "same_count_images": 48,
  "same_count_ratio": 0.96,
  "mean_abs_count_diff": 0.04,
  "max_abs_count_diff": 1,
  "pt_total_detections": 147,
  "onnx_total_detections": 147,
  "pt_confidence_summary": {
    "count": 147,
    "mean": 0.4021432399749756,
    "std": 0.11392178386449814,
    "min": 0.25021597743034363,
    "q25": 0.30805279314517975,
    "median": 0.3751213550567627,
    "q75": 0.4655502289533615,
    "max": 0.7702867388725281
  },
  "onnx_confidence_summary": {
    "count": 147,
    "mean": 0.4021376669406891,
    "std": 0.11391764879226685,
    "min": 0.2500477433204651,
    "q25": 0.308024138212204,
    "median": 0.3748012185096741,
    "q75": 0.465560644865036,
    "max": 0.7704528570175171
  }
}